{
    "watchfaces" : [
        {
            "id" : "1",
            "name" : "Basic",
            "author" : "SQFMI",
            "screenshot" : "https://raw.githubusercontent.com/sqfmi/Watchy/master/extras/WatchFaces/1_Basic.png",
            "source" : "https://github.com/sqfmi/Watchy/tree/master/examples/WatchFaces/Basic",
            "version" : "1.0.0"
        },
        {
            "id" : "2",
            "name" : "7_SEG",
            "author" : "SQFMI",
            "screenshot" : "https://raw.githubusercontent.com/sqfmi/Watchy/master/extras/WatchFaces/2_7_SEG.png",
            "source" : "https://github.com/sqfmi/Watchy/tree/master/examples/WatchFaces/7_SEG",
            "version" : "1.0.0"
        },
        {
            "id" : "2A",
            "name" : "7_SEG_LIGHT",
            "author" : "SQFMI",
            "screenshot" : "https://raw.githubusercontent.com/sqfmi/Watchy/master/extras/WatchFaces/2_7_SEG_LIGHT.png",
            "source" : "https://github.com/sqfmi/Watchy/tree/master/examples/WatchFaces/7_SEG",
            "version" : "1.0.0"
        },        
        {
            "id" : "3",
            "name" : "DOS",
            "author" : "SQFMI",
            "screenshot" : "https://raw.githubusercontent.com/sqfmi/Watchy/master/extras/WatchFaces/3_DOS.png",
            "source" : "https://github.com/sqfmi/Watchy/tree/master/examples/WatchFaces/DOS",
            "version" : "1.0.0"
        },
        {
            "id" : "4",
            "name" : "Pokemon",
            "author" : "SQFMI",
            "screenshot" : "https://raw.githubusercontent.com/sqfmi/Watchy/master/extras/WatchFaces/4_Pokemon.png",
            "source" : "https://github.com/sqfmi/Watchy/tree/master/examples/WatchFaces/Pokemon",
            "version" : "1.0.0"
        },
        {
            "id" : "5",
            "name" : "StarryHorizon",
            "author" : "dandelany",
            "screenshot" : "https://raw.githubusercontent.com/sqfmi/Watchy/master/extras/WatchFaces/5_StarryHorizon.png",
            "source" : "https://github.com/sqfmi/Watchy/tree/master/examples/WatchFaces/StarryHorizon",
            "version" : "1.0.0"
        },
        {
            "id" : "6",
            "name" : "Tetris",
            "author" : "SQFMI",
            "screenshot" : "https://raw.githubusercontent.com/sqfmi/Watchy/master/extras/WatchFaces/6_Tetris.png",
            "source" : "https://github.com/sqfmi/Watchy/tree/master/examples/WatchFaces/Tetris",
            "version" : "1.0.0"
        },
        {
            "id" : "7",
            "name" : "MacPaint",
            "author" : "SQFMI",
            "screenshot" : "https://raw.githubusercontent.com/sqfmi/Watchy/master/extras/WatchFaces/7_MacPaint.png",
            "source" : "https://github.com/sqfmi/Watchy/tree/master/examples/WatchFaces/MacPaint",
            "version" : "1.0.0"
        },
        {
            "id" : "8",
            "name" : "Bahn",
            "author" : "BraininaBowl",
            "screenshot" : "https://raw.githubusercontent.com/sqfmi/Watchy/master/extras/WatchFaces/8_Bahn.png",
            "source" : "https://github.com/BraininaBowl/Bahn-for-Watchy",
            "version" : "1.0.0"
        }                                      
    ]
}
